Transaction_ID,Customer_Name,Purchase_Date,Amount_Spent,Payment_Method,Customer_Age
1001,Grace,2023-01-01,120.25,Venmo,
1002,David,08/25/2023,500.3,Credit,34.0
1003,Henry,04-10-2023,75.5,Venmo,50.0
1004,Eve,04-10-2023,85.0,debit ,38.0
1005,Grace,2023.05.12,,Credit Card,34.0
1006,nan,08/25/2023,60.0,crypto,40.0
1007, charlie,2023.05.12,75.5,debit ,29.0
1008,Grace,08/25/2023,99999.99,crypto,50.0
1009,Henry,2023-10-10,100.0,crypto,-5.0
1010,Eve,2023-01-01,250.5,Cash,200.0
1011,David,2023-10-10,120.25,Credit Card,60.0
1012,Henry,09-30-23,500.3,paypal,29.0
1013,Henry,06-15-23,120.25,Venmo,50.0
1014, charlie,"March 5, 2023",75.5,paypal,200.0
1015,Frank,08/25/2023,250.5,Cash,50.0
1016,Eve,09-30-23,99999.99,crypto,
1017,Bob,06-15-23,320.75,Credit,40.0
1018,Henry,2023-07-20,,Venmo,30.0
1019,Frank,2023-01-01,250.5,Venmo,60.0
1020,Bob,2023.05.12,100.0,Credit Card,25.0
1021,Eve,2023.05.12,85.0, Credit,50.0
1022,Alice ,2023-10-10,99999.99,cash,200.0
1023,nan,04-10-2023,,cash,200.0
1024,Frank,06-15-23,60.0,cash,
1025,Ivy,2023-07-20,500.3, Credit,34.0
1026,Alice ,09-30-23,85.0,Credit Card,29.0
1027,nan,2023-01-01,75.5, Credit,30.0
1028, charlie,06-15-23,250.5,cash,45.0
1029,Grace,2023-07-20,,Cash,25.0
1030,David,"March 5, 2023",-50.0,debit ,-5.0
1031,Ivy,08/25/2023,320.75,crypto,45.0
1032, charlie,2023.05.12,60.0, Credit,29.0
1033,Eve,09-30-23,320.75,Credit Card,25.0
1034, charlie,2023.05.12,99999.99,Credit Card,200.0
1035,Grace,09-30-23,500.3,paypal,-5.0
1036,Eve,2023-10-10,99999.99,debit ,50.0
1037,Ivy,04-10-2023,-50.0,Credit,34.0
1038,Grace,09-30-23,100.0,Venmo,30.0
1039,Bob,2023.05.12,500.3,cash,50.0
1040,David,2023-10-10,120.25,Credit,34.0
1041,Ivy,09-30-23,100.0,paypal,40.0
1042,Bob,"March 5, 2023",500.3,cash,
1043,nan,04-10-2023,500.3,debit ,25.0
1044,Ivy,09-30-23,-50.0,paypal,50.0
1045,nan,2023-10-10,75.5,cash,34.0
1046,Eve,06-15-23,-50.0,debit ,45.0
1047,Bob,2023/02/15,500.3,PayPal,
1048,David,2023-07-20,,Credit,34.0
1049,Grace,2023/02/15,100.0,Credit,38.0
1050,Henry,2023/02/15,-50.0,Venmo,40.0
1051, charlie,2023-01-01,75.5,debit ,29.0
1052,Alice ,"March 5, 2023",250.5, Credit,50.0
1053,David,06-15-23,99999.99,PayPal,30.0
1054,Bob,08/25/2023,500.3,Cash,40.0
1055,Henry,09-30-23,120.25,cash,
1056,David,2023-07-20,250.5,PayPal,38.0
1057,Bob,04-10-2023,320.75,debit ,25.0
1058,Frank,06-15-23,85.0,crypto,45.0
1059,Frank,2023.05.12,75.5,cash,30.0
1060,nan,08/25/2023,120.25,Credit Card,50.0
1061,David,2023-01-01,85.0,Credit,30.0
1062,Frank,2023-01-01,75.5,debit ,40.0
1063,Bob,06-15-23,,Credit Card,
1064,nan,2023-10-10,99999.99,Venmo,25.0
1065,Bob,2023/02/15,250.5,paypal,200.0
1066,nan,2023.05.12,100.0,Cash,38.0
1067,David,2023-01-01,75.5,Cash,50.0
1068,Henry,2023-07-20,100.0,Credit Card,200.0
1069,Grace,2023-01-01,99999.99,Credit,45.0
1070,Ivy,04-10-2023,500.3,Venmo,25.0
1071,Henry,09-30-23,320.75,crypto,60.0
1072,Eve,2023-01-01,250.5,Credit,60.0
1073,Bob,04-10-2023,99999.99,PayPal,25.0
1074,Eve,06-15-23,99999.99,Cash,38.0
1075,Henry,06-15-23,,PayPal,-5.0
1076,nan,08/25/2023,85.0,cash,200.0
1077,Ivy,2023-01-01,320.75, Credit,34.0
1078,Ivy,2023-07-20,250.5,debit ,30.0
1079,Alice ,2023-01-01,500.3,Venmo,50.0
1080,Ivy,2023-07-20,500.3,Credit,-5.0
1081,Grace,"March 5, 2023",-50.0,Cash,34.0
1082,Ivy,08/25/2023,99999.99,PayPal,
1083,Henry,"March 5, 2023",75.5,paypal,50.0
1084,Alice ,2023-01-01,,cash,50.0
1085,Henry,08/25/2023,320.75,debit ,60.0
1086,Henry,"March 5, 2023",500.3,debit ,38.0
1087, charlie,2023/02/15,250.5,Credit,
1088,Alice ,2023-01-01,-50.0,Venmo,30.0
1089,Henry,"March 5, 2023",250.5,crypto,29.0
1090, charlie,2023/02/15,,paypal,34.0
1091, charlie,2023/02/15,75.5,Credit,60.0
1092,Alice ,06-15-23,-50.0,PayPal,50.0
1093,Eve,2023-01-01,-50.0, Credit,-5.0
1094,nan,2023/02/15,85.0,Credit Card,60.0
1095,Grace,06-15-23,320.75,crypto,34.0
1096,nan,"March 5, 2023",-50.0,Venmo,34.0
1097,Ivy,04-10-2023,60.0,cash,38.0
1098,Grace,2023-01-01,85.0,crypto,50.0
1099,Ivy,08/25/2023,85.0,Cash,
1100,Henry,2023-07-20,,Venmo,200.0
1101,Bob,2023-07-20,60.0, Credit,29.0
1102,Alice ,"March 5, 2023",100.0,Cash,38.0
1103,Grace,2023-10-10,250.5,crypto,45.0
1104,Grace,2023-10-10,75.5,Credit Card,50.0
1105,Henry,"March 5, 2023",120.25,Credit Card,38.0
1106,Eve,2023/02/15,250.5, Credit,30.0
1107, charlie,2023-01-01,-50.0,debit ,29.0
1108,Henry,2023-07-20,75.5,paypal,60.0
1109,Frank,2023-07-20,500.3,cash,25.0
1110, charlie,2023/02/15,100.0,debit ,45.0
1111,Alice ,2023-07-20,500.3,Credit Card,40.0
1112, charlie,08/25/2023,60.0,Credit Card,38.0
1113,Eve,2023-01-01,500.3,PayPal,34.0
1114, charlie,09-30-23,320.75,Cash,200.0
1115,Alice ,2023-07-20,250.5,crypto,25.0
1116,Eve,"March 5, 2023",120.25,cash,38.0
1117,nan,08/25/2023,, Credit,38.0
1118,Grace,2023-07-20,120.25,crypto,-5.0
1119,Grace,08/25/2023,500.3,PayPal,-5.0
1120,Ivy,06-15-23,-50.0,Credit Card,25.0
1121,nan,09-30-23,100.0, Credit,
1122,nan,2023.05.12,99999.99,Credit Card,60.0
1123, charlie,"March 5, 2023",120.25,cash,-5.0
1124,Grace,"March 5, 2023",500.3,Cash,34.0
1125,Alice ,2023-01-01,100.0,crypto,45.0
1126,David,08/25/2023,75.5,crypto,40.0
1127,David,2023/02/15,250.5,debit ,29.0
1128,Eve,"March 5, 2023",85.0, Credit,40.0
1129,Grace,08/25/2023,320.75,paypal,40.0
1130,Grace,08/25/2023,100.0,PayPal,29.0
1131,David,04-10-2023,-50.0,paypal,-5.0
1132,Grace,04-10-2023,60.0,debit ,25.0
1133, charlie,2023.05.12,-50.0,cash,29.0
1134,Frank,06-15-23,100.0,PayPal,60.0
1135,Bob,2023.05.12,-50.0,Cash,60.0
1136,nan,2023-07-20,250.5,paypal,50.0
1137,Ivy,2023/02/15,-50.0,Cash,30.0
1138,Eve,2023-07-20,120.25,paypal,
1139,Frank,2023-10-10,85.0,Cash,45.0
1140,David,2023-07-20,-50.0,paypal,200.0
1141,nan,2023-01-01,85.0,Cash,-5.0
1142,Grace,2023-07-20,500.3,debit ,
1143,Ivy,2023.05.12,,Venmo,29.0
1144,Grace,"March 5, 2023",250.5,PayPal,30.0
1145,Alice ,"March 5, 2023",, Credit,200.0
1146,Alice ,04-10-2023,500.3,cash,45.0
1147,Ivy,2023/02/15,250.5,Credit,45.0
1148,Ivy,2023/02/15,100.0,Credit Card,-5.0
1149,David,2023-01-01,100.0, Credit,29.0
1150,Ivy,2023.05.12,85.0,Credit Card,
1151, charlie,04-10-2023,500.3,PayPal,25.0
1152,Grace,2023-10-10,85.0, Credit,
1153,Frank,2023/02/15,320.75,Cash,
1154,Henry,"March 5, 2023",-50.0,Cash,45.0
1155,Ivy,2023-07-20,99999.99,Credit,25.0
1156,Eve,2023-07-20,320.75,Credit Card,25.0
1157,Alice ,04-10-2023,-50.0,cash,-5.0
1158, charlie,2023.05.12,250.5,PayPal,200.0
1159,nan,2023.05.12,85.0,Cash,38.0
1160,Henry,06-15-23,250.5,Venmo,40.0
1161,Frank,09-30-23,250.5,debit ,40.0
1162,Henry,2023/02/15,-50.0,debit ,45.0
1163,Ivy,2023.05.12,500.3,paypal,38.0
1164,David,"March 5, 2023",60.0,cash,200.0
1165,Alice ,04-10-2023,-50.0,debit ,38.0
1166,Alice ,2023-10-10,75.5,paypal,-5.0
1167,nan,06-15-23,100.0,Credit Card,
1168,David,08/25/2023,100.0,Cash,45.0
1169,Grace,2023-01-01,320.75,Cash,25.0
1170,Bob,2023-10-10,100.0,Venmo,60.0
1171, charlie,08/25/2023,-50.0, Credit,45.0
1172,Alice ,2023-07-20,120.25,debit ,40.0
1173,Eve,2023-01-01,85.0,Credit Card,200.0
1174,Alice ,2023/02/15,-50.0,crypto,38.0
1175,Henry,"March 5, 2023",60.0,debit ,200.0
1176,Alice ,2023-01-01,-50.0,cash,-5.0
1177,Alice ,09-30-23,99999.99, Credit,45.0
1178,Bob,08/25/2023,85.0,debit ,29.0
1179,Bob,2023/02/15,75.5,Credit Card,45.0
1180,Frank,09-30-23,100.0,debit ,25.0
1181,Grace,2023-07-20,85.0,cash,45.0
1182,Eve,09-30-23,100.0,crypto,30.0
1183,Alice ,06-15-23,320.75,PayPal,-5.0
1184,Alice ,06-15-23,85.0,Credit,34.0
1185, charlie,04-10-2023,100.0,crypto,-5.0
1186,Bob,2023-10-10,75.5,paypal,38.0
1187,Eve,2023-10-10,,debit ,60.0
1188,nan,2023/02/15,250.5,Cash,34.0
1189,Frank,2023-07-20,250.5,Venmo,38.0
1190,Grace,2023.05.12,75.5,Cash,38.0
1191,David,06-15-23,99999.99,crypto,25.0
1192,Grace,2023/02/15,,Cash,25.0
1193,Henry,2023.05.12,320.75,Credit Card,50.0
1194,Alice ,2023-10-10,75.5,Cash,
1195,Frank,04-10-2023,250.5, Credit,40.0
1196,Henry,09-30-23,250.5,PayPal,
1197,Eve,06-15-23,250.5,debit ,
1198,David,2023/02/15,500.3,Cash,60.0
1199,Bob,2023-01-01,75.5,cash,40.0
1200,Frank,2023.05.12,-50.0,PayPal,29.0
1201,Frank,09-30-23,320.75,PayPal,34.0
1202,Alice ,06-15-23,250.5,Cash,200.0
1203,Ivy,2023-10-10,100.0,PayPal,
1204,Frank,2023-07-20,75.5,Venmo,60.0
1205, charlie,2023.05.12,60.0,Cash,50.0
1206,David,2023-10-10,500.3,Credit Card,45.0
1207,David,06-15-23,75.5,crypto,45.0
1208, charlie,2023.05.12,320.75, Credit,38.0
1209,nan,09-30-23,500.3,Credit,40.0
1210, charlie,06-15-23,320.75,paypal,38.0
1211, charlie,08/25/2023,75.5,PayPal,60.0
1212,David,2023/02/15,-50.0,Credit Card,30.0
1213,Grace,09-30-23,60.0,debit ,30.0
1214,David,2023.05.12,320.75,debit ,50.0
1215,Ivy,2023-07-20,500.3,paypal,200.0
1216,Alice ,2023-10-10,500.3, Credit,25.0
1217,Henry,2023-01-01,320.75,PayPal,25.0
1218,Grace,2023-10-10,120.25,Venmo,40.0
1219,Bob,2023.05.12,75.5,paypal,40.0
1220,Henry,2023-10-10,120.25, Credit,
1221,Alice ,2023/02/15,99999.99,PayPal,30.0
1222,Ivy,06-15-23,75.5,Credit Card,
1223,Ivy,2023-01-01,320.75,crypto,25.0
1224,Bob,"March 5, 2023",,Venmo,34.0
1225,Grace,2023.05.12,320.75,Credit,34.0
1226,nan,04-10-2023,120.25,debit ,40.0
1227, charlie,"March 5, 2023",-50.0,cash,38.0
1228,Grace,2023-10-10,320.75,Credit Card,25.0
1229,nan,2023.05.12,320.75,debit ,34.0
1230,Ivy,08/25/2023,-50.0,Cash,25.0
1231,David,04-10-2023,320.75,cash,-5.0
1232,Alice ,2023-01-01,250.5,debit ,45.0
1233,Bob,2023-07-20,, Credit,30.0
1234,Alice ,08/25/2023,100.0,Venmo,
1235,Eve,"March 5, 2023",,debit ,25.0
1236,Eve,06-15-23,60.0,Credit,45.0
1237,Grace,2023/02/15,320.75,crypto,-5.0
1238,Ivy,2023-07-20,250.5, Credit,
1239,Ivy,08/25/2023,75.5,Credit Card,25.0
1240, charlie,06-15-23,320.75,Credit Card,40.0
1241, charlie,06-15-23,120.25,Credit Card,45.0
1242, charlie,2023.05.12,250.5,Credit Card,
1243,David,08/25/2023,-50.0,crypto,25.0
1244,Henry,2023-01-01,250.5,debit ,45.0
1245,Frank,2023-10-10,-50.0,PayPal,-5.0
1246,Henry,04-10-2023,99999.99,debit ,25.0
1247,Alice ,04-10-2023,100.0,Cash,25.0
1248,Henry,"March 5, 2023",85.0,Venmo,25.0
1249,David,"March 5, 2023",250.5,cash,50.0
1250,Alice ,04-10-2023,500.3,PayPal,200.0
1251,Henry,2023-01-01,120.25,PayPal,50.0
1252,David,2023/02/15,320.75,debit ,40.0
1253,Frank,09-30-23,120.25,PayPal,-5.0
1254,Henry,2023-10-10,,paypal,50.0
1255,David,2023/02/15,85.0,paypal,
1256, charlie,2023.05.12,,Cash,60.0
1257,Ivy,09-30-23,99999.99,cash,200.0
1258, charlie,09-30-23,85.0,Credit,38.0
1259,Ivy,08/25/2023,85.0,crypto,60.0
1260,Bob,2023-01-01,,debit ,200.0
1261,Bob,2023-01-01,-50.0,crypto,30.0
1262,Bob,09-30-23,,Credit,30.0
1263,Frank,08/25/2023,120.25,debit ,25.0
1264, charlie,2023-10-10,-50.0,debit ,200.0
1265,Ivy,09-30-23,120.25,cash,38.0
1266,David,2023-07-20,99999.99,crypto,200.0
1267,Alice ,"March 5, 2023",320.75,paypal,40.0
1268,David,"March 5, 2023",60.0,Credit Card,60.0
1269,Alice ,2023/02/15,75.5,crypto,40.0
1270,Eve,2023.05.12,-50.0,Venmo,38.0
1271,David,"March 5, 2023",99999.99,Venmo,200.0
1272,Henry,06-15-23,60.0,debit ,45.0
1273,Henry,2023/02/15,500.3,Credit Card,40.0
1274,Grace,"March 5, 2023",99999.99, Credit,40.0
1275, charlie,2023.05.12,,Credit,34.0
1276,Alice ,2023-01-01,,Cash,200.0
1277,Alice ,2023-01-01,75.5,Credit Card,40.0
1278, charlie,2023-10-10,99999.99,Cash,50.0
1279,Frank,09-30-23,100.0,crypto,-5.0
1280,Grace,2023-07-20,320.75,crypto,200.0
1281,Frank,2023-01-01,,Cash,30.0
1282,Frank,08/25/2023,75.5,Credit,34.0
1283,Frank,"March 5, 2023",320.75,Credit Card,40.0
1284, charlie,08/25/2023,99999.99, Credit,34.0
1285,Frank,2023.05.12,99999.99,debit ,30.0
1286,Henry,2023-01-01,85.0,cash,38.0
1287,Bob,2023-07-20,75.5,crypto,38.0
1288,Eve,2023.05.12,60.0,Venmo,60.0
1289,Alice ,06-15-23,,Credit,200.0
1290,Alice ,06-15-23,100.0,cash,30.0
1291,Eve,08/25/2023,99999.99, Credit,29.0
1292, charlie,09-30-23,100.0,PayPal,60.0
1293,David,2023/02/15,99999.99,debit ,29.0
1294, charlie,09-30-23,,crypto,200.0
1295,Alice ,2023-10-10,320.75,debit ,25.0
1296,Alice ,09-30-23,250.5,cash,34.0
1297,Eve,2023-10-10,320.75,debit ,34.0
1298,Frank,2023-10-10,99999.99,PayPal,38.0
1299, charlie,2023-07-20,120.25,cash,29.0
1300,Ivy,2023-01-01,250.5,crypto,50.0
1301,Eve,2023-07-20,60.0,Credit Card,
1302,Henry,2023-10-10,250.5,Venmo,40.0
1303,Alice ,2023.05.12,100.0,cash,40.0
1304,Eve,06-15-23,75.5,paypal,40.0
1305, charlie,2023-10-10,100.0,PayPal,38.0
1306,Alice ,2023-07-20,100.0,cash,30.0
1307,David,2023.05.12,60.0,cash,50.0
1308,Eve,2023-07-20,120.25,paypal,45.0
1309,Grace,09-30-23,320.75,crypto,29.0
1310,Alice ,"March 5, 2023",320.75,cash,50.0
1311, charlie,08/25/2023,500.3,Venmo,60.0
1312,Bob,2023/02/15,99999.99,debit ,29.0
1313,Ivy,2023-07-20,120.25,crypto,50.0
1314,nan,2023/02/15,500.3,Venmo,
1315,Frank,04-10-2023,,crypto,50.0
1316,nan,2023-07-20,99999.99,Venmo,50.0
1317, charlie,"March 5, 2023",99999.99,PayPal,50.0
1318,Henry,2023/02/15,85.0,Venmo,34.0
1319,Henry,2023-10-10,85.0,Cash,25.0
1320,Bob,2023-07-20,-50.0,Venmo,200.0
1321,Frank,2023-01-01,-50.0,Credit Card,60.0
1322,Grace,08/25/2023,100.0,Credit Card,60.0
1323,Bob,"March 5, 2023",,Credit,34.0
1324,nan,2023/02/15,250.5,Cash,30.0
1325,Bob,"March 5, 2023",250.5,Cash,200.0
1326,nan,2023.05.12,85.0,debit ,29.0
1327,Alice ,08/25/2023,85.0,Cash,30.0
1328,Henry,2023-10-10,85.0,debit ,200.0
1329,Alice ,2023-07-20,120.25,Credit,
1330,Ivy,2023-07-20,75.5,Credit,
1331,Frank,2023-07-20,-50.0,PayPal,-5.0
1332,Grace,08/25/2023,120.25,Credit Card,45.0
1333,nan,2023-01-01,320.75,Venmo,
1334,Grace,04-10-2023,250.5,Venmo,29.0
1335,nan,06-15-23,60.0,paypal,25.0
1336, charlie,09-30-23,99999.99,paypal,40.0
1337,Bob,2023/02/15,-50.0, Credit,-5.0
1338,Ivy,2023-01-01,500.3,crypto,40.0
1339,Henry,2023-10-10,320.75,PayPal,60.0
1340,nan,2023/02/15,-50.0, Credit,50.0
1341,Grace,2023-07-20,60.0, Credit,45.0
1342,Ivy,"March 5, 2023",120.25,cash,60.0
1343,David,2023-10-10,,cash,200.0
1344,David,2023/02/15,99999.99, Credit,60.0
1345,Alice ,2023-07-20,-50.0,Cash,38.0
1346,Henry,2023/02/15,75.5,crypto,
1347, charlie,"March 5, 2023",85.0,PayPal,25.0
1348,Grace,2023-07-20,85.0, Credit,45.0
1349,Bob,04-10-2023,99999.99,Venmo,40.0
1350,Bob,2023-01-01,60.0,crypto,-5.0
1351,Grace,2023.05.12,120.25,cash,
1352,Frank,09-30-23,85.0,Venmo,29.0
1353, charlie,08/25/2023,-50.0,cash,
1354,Ivy,09-30-23,500.3,cash,-5.0
1355,nan,2023-10-10,250.5,crypto,-5.0
1356,Frank,09-30-23,250.5,cash,38.0
1357,nan,2023-07-20,320.75,Credit,
1358,nan,04-10-2023,100.0,Credit Card,60.0
1359,Frank,2023.05.12,,Credit,
1360,Alice ,2023-01-01,99999.99,Credit Card,50.0
1361,David,2023-01-01,320.75,paypal,38.0
1362,nan,"March 5, 2023",100.0,paypal,30.0
1363,Frank,08/25/2023,120.25,cash,30.0
1364,Frank,2023/02/15,75.5,PayPal,50.0
1365,Eve,04-10-2023,75.5,PayPal,200.0
1366,Alice ,2023/02/15,,Credit Card,30.0
1367,Henry,2023.05.12,85.0,Venmo,50.0
1368,Eve,09-30-23,-50.0,crypto,34.0
1369,Eve,2023-01-01,320.75,cash,60.0
1370,Grace,2023.05.12,320.75,crypto,
1371,David,09-30-23,99999.99,Credit,60.0
1372,Frank,2023-01-01,99999.99,PayPal,50.0
1373,David,09-30-23,75.5,Cash,25.0
1374, charlie,08/25/2023,75.5,Credit,
1375,Grace,04-10-2023,60.0,Credit,34.0
1376,Henry,2023-10-10,500.3,Credit Card,34.0
1377,David,2023.05.12,500.3,debit ,60.0
1378,Bob,2023.05.12,60.0,Credit,40.0
1379,nan,06-15-23,85.0,cash,
1380, charlie,2023-07-20,500.3, Credit,45.0
1381,Alice ,08/25/2023,-50.0, Credit,34.0
1382,Henry,08/25/2023,-50.0,cash,25.0
1383, charlie,2023/02/15,320.75,debit ,38.0
1384,nan,09-30-23,250.5,debit ,200.0
1385,Grace,2023-07-20,60.0,Credit Card,40.0
1386,nan,04-10-2023,-50.0,PayPal,38.0
1387,Eve,04-10-2023,100.0,crypto,40.0
1388,nan,08/25/2023,75.5,debit ,25.0
1389,Eve,04-10-2023,99999.99,Cash,60.0
1390,Grace,06-15-23,500.3,Credit Card,-5.0
1391,Ivy,2023.05.12,60.0,paypal,
1392,Eve,"March 5, 2023",320.75,Venmo,50.0
1393,Alice ,2023-10-10,,paypal,29.0
1394,nan,2023/02/15,99999.99,Credit Card,45.0
1395,nan,09-30-23,100.0,Credit,38.0
1396,Alice ,2023-10-10,500.3,crypto,
1397,Bob,09-30-23,100.0,Venmo,45.0
1398,Frank,2023-01-01,75.5,paypal,-5.0
1399,Ivy,2023-10-10,75.5,Venmo,29.0
1400,Henry,"March 5, 2023",85.0,Cash,45.0
1401,Eve,08/25/2023,320.75,Cash,45.0
1402,Alice ,06-15-23,99999.99,Cash,38.0
1403,Grace,2023.05.12,120.25,Credit Card,30.0
1404,Eve,2023.05.12,120.25,crypto,29.0
1405,Frank,06-15-23,99999.99,Credit Card,
1406,Grace,2023-07-20,, Credit,-5.0
1407, charlie,2023-01-01,320.75,Credit,29.0
1408,nan,09-30-23,100.0,Credit,60.0
1409, charlie,"March 5, 2023",,Cash,25.0
1410,Eve,04-10-2023,250.5, Credit,60.0
1411,Frank,2023-10-10,99999.99,debit ,30.0
1412,Ivy,2023-01-01,100.0,debit ,25.0
1413,Eve,2023-10-10,120.25,Cash,-5.0
1414,Alice ,"March 5, 2023",-50.0,paypal,38.0
1415,David,2023/02/15,60.0,Credit Card,38.0
1416,Eve,2023/02/15,85.0,Cash,-5.0
1417,nan,2023-01-01,120.25,PayPal,40.0
1418,nan,08/25/2023,320.75,Venmo,-5.0
1419,Eve,"March 5, 2023",75.5,Credit,60.0
1420,Grace,"March 5, 2023",60.0,debit ,30.0
1421,David,06-15-23,60.0,cash,34.0
1422,Alice ,08/25/2023,-50.0,debit ,38.0
1423,Eve,09-30-23,85.0,Credit,200.0
1424,Grace,09-30-23,85.0,Venmo,30.0
1425,nan,04-10-2023,250.5,Credit,50.0
1426,nan,2023.05.12,250.5,cash,30.0
1427,Frank,2023/02/15,500.3,Cash,30.0
1428,Eve,09-30-23,120.25, Credit,45.0
1429,David,08/25/2023,120.25,cash,30.0
1430,Bob,"March 5, 2023",120.25,Credit,38.0
1431,David,09-30-23,500.3,Credit,34.0
1432,nan,"March 5, 2023",,PayPal,34.0
1433,nan,09-30-23,85.0,PayPal,30.0
1434, charlie,2023/02/15,-50.0,crypto,50.0
1435,nan,2023-10-10,320.75,PayPal,25.0
1436,Alice ,09-30-23,85.0,Credit Card,38.0
1437,Henry,08/25/2023,250.5, Credit,38.0
1438,Eve,09-30-23,60.0,Venmo,50.0
1439,David,2023.05.12,100.0,cash,29.0
1440,Henry,2023/02/15,75.5,Credit,60.0
1441,Grace,08/25/2023,500.3,crypto,50.0
1442,Bob,06-15-23,99999.99,crypto,50.0
1443,Alice ,08/25/2023,100.0,Venmo,
1444,David,2023.05.12,320.75, Credit,40.0
1445,Henry,2023-10-10,120.25,cash,50.0
1446,Bob,2023/02/15,250.5,debit ,40.0
1447, charlie,06-15-23,250.5,PayPal,25.0
1448,Alice ,2023.05.12,250.5,Cash,40.0
1449,Alice ,2023.05.12,120.25,crypto,29.0
1450, charlie,2023-01-01,99999.99,PayPal,50.0
1451,Eve,2023/02/15,500.3,PayPal,50.0
1452, charlie,08/25/2023,100.0,Credit Card,-5.0
1453,Alice ,"March 5, 2023",120.25, Credit,40.0
1454,Alice ,2023-10-10,320.75,Cash,38.0
1455,Henry,"March 5, 2023",500.3,debit ,50.0
1456,nan,08/25/2023,320.75,Credit,60.0
1457,Bob,08/25/2023,500.3,Credit Card,-5.0
1458, charlie,2023/02/15,99999.99,PayPal,40.0
1459,Bob,08/25/2023,75.5,PayPal,38.0
1460, charlie,2023-01-01,320.75,paypal,38.0
1461,Grace,06-15-23,120.25,Cash,30.0
1462,Alice ,08/25/2023,500.3,Cash,34.0
1463,nan,"March 5, 2023",250.5,paypal,25.0
1464,Henry,08/25/2023,85.0,Cash,29.0
1465,nan,2023-01-01,250.5,PayPal,45.0
1466,nan,09-30-23,,crypto,50.0
1467,nan,09-30-23,75.5,cash,
1468,Bob,2023.05.12,75.5,PayPal,40.0
1469, charlie,2023-10-10,250.5,Credit Card,40.0
1470,Ivy,04-10-2023,100.0, Credit,-5.0
1471,Grace,06-15-23,99999.99,paypal,-5.0
1472,David,2023-07-20,320.75,debit ,
1473,nan,2023.05.12,120.25,Credit,40.0
1474,Eve,2023-10-10,75.5,debit ,200.0
1475,Bob,09-30-23,250.5,PayPal,29.0
1476,Henry,"March 5, 2023",250.5,Credit Card,40.0
1477,David,2023-07-20,99999.99,PayPal,50.0
1478,Ivy,2023-10-10,99999.99, Credit,34.0
1479,Eve,2023-10-10,-50.0,crypto,
1480,Ivy,2023.05.12,-50.0,Credit,50.0
1481,David,2023-07-20,100.0, Credit,200.0
1482,nan,2023/02/15,100.0,paypal,29.0
1483,Eve,04-10-2023,,paypal,40.0
1484,Ivy,2023/02/15,100.0,PayPal,45.0
1485,Henry,2023-07-20,500.3,Credit Card,30.0
1486, charlie,2023/02/15,99999.99, Credit,50.0
1487,Alice ,2023-01-01,120.25,Venmo,34.0
1488, charlie,09-30-23,500.3,Credit Card,45.0
1489,David,2023-01-01,320.75,crypto,60.0
1490,Bob,08/25/2023,250.5,paypal,-5.0
1491,Alice ,2023/02/15,100.0,PayPal,50.0
1492,Grace,08/25/2023,250.5,Cash,-5.0
1493,Henry,"March 5, 2023",75.5,paypal,40.0
1494,Grace,06-15-23,,Credit,-5.0
1495,Eve,"March 5, 2023",75.5,cash,60.0
1496,Alice ,2023-07-20,,Cash,34.0
1497,Grace,2023-10-10,-50.0,PayPal,29.0
1498,Grace,09-30-23,250.5,Venmo,38.0
1499,Ivy,2023/02/15,,Cash,25.0
1500, charlie,2023.05.12,60.0,Credit,
1501,Ivy,06-15-23,60.0,Credit Card,29.0
1502,Alice ,04-10-2023,60.0,Venmo,38.0
1503,Alice ,04-10-2023,85.0,paypal,200.0
1504,David,04-10-2023,500.3,Venmo,50.0
1505,Ivy,2023/02/15,, Credit,50.0
1506,Frank,04-10-2023,,Credit,34.0
1507, charlie,2023-01-01,500.3,Cash,50.0
1508,Alice ,06-15-23,250.5, Credit,45.0
1509,David,2023-01-01,250.5,Venmo,38.0
1510,Ivy,2023-10-10,60.0, Credit,34.0
1511, charlie,06-15-23,500.3,debit ,30.0
1512,Ivy,2023-01-01,60.0,Credit,45.0
1513,Grace,06-15-23,75.5,crypto,50.0
1514,David,2023-10-10,85.0,Credit Card,-5.0
1515, charlie,08/25/2023,120.25,Venmo,60.0
1516,nan,2023/02/15,320.75,Credit,-5.0
1517,Eve,2023/02/15,85.0,crypto,45.0
1518,Eve,04-10-2023,250.5,crypto,200.0
1519, charlie,"March 5, 2023",120.25,PayPal,50.0
1520,Ivy,04-10-2023,-50.0, Credit,200.0
1521,David,2023-07-20,100.0,crypto,200.0
1522,Eve,2023-01-01,60.0,debit ,38.0
1523,David,06-15-23,,Credit,
1524,Eve,"March 5, 2023",500.3,cash,38.0
1525,Grace,2023-10-10,500.3,cash,40.0
1526,Ivy,2023-07-20,,Venmo,25.0
1527,Grace,2023-10-10,60.0,paypal,45.0
1528,Eve,2023/02/15,100.0, Credit,29.0
1529,nan,2023/02/15,320.75,paypal,25.0
1530,nan,04-10-2023,100.0,crypto,30.0
1531,Grace,2023-01-01,120.25,Credit,60.0
1532,nan,"March 5, 2023",100.0,Venmo,38.0
1533,Eve,09-30-23,120.25,Cash,38.0
1534, charlie,2023-07-20,100.0,crypto,34.0
1535,Grace,2023-07-20,320.75, Credit,25.0
1536,Bob,04-10-2023,320.75,cash,34.0
1537,Ivy,2023/02/15,250.5,PayPal,29.0
1538,nan,04-10-2023,,Credit,34.0
1539,nan,06-15-23,320.75,Credit Card,25.0
1540,Alice ,"March 5, 2023",120.25,paypal,45.0
1541,Frank,2023-01-01,320.75,Venmo,50.0
1542,Grace,08/25/2023,250.5,paypal,50.0
1543,Henry,2023.05.12,500.3,Credit,60.0
1544,nan,2023.05.12,120.25,paypal,30.0
1545,Ivy,04-10-2023,250.5,Credit,38.0
1546,Bob,06-15-23,75.5,paypal,29.0
1547,nan,"March 5, 2023",75.5,debit ,38.0
1548,Bob,09-30-23,-50.0,Cash,40.0
1549,Eve,2023.05.12,100.0,crypto,60.0
1550,Eve,"March 5, 2023",,crypto,30.0
1551,Frank,2023-01-01,99999.99, Credit,
1552, charlie,2023-10-10,85.0,Credit Card,34.0
1553,Henry,06-15-23,250.5,Credit Card,-5.0
1554,Alice ,2023/02/15,500.3, Credit,25.0
1555,Frank,"March 5, 2023",85.0,PayPal,38.0
1556,David,2023-01-01,500.3,crypto,34.0
1557,Alice ,09-30-23,85.0,PayPal,29.0
1558,Grace,08/25/2023,250.5,Credit,38.0
1559,Ivy,2023/02/15,99999.99,Credit,
1560,David,08/25/2023,85.0,cash,50.0
1561,David,09-30-23,250.5,paypal,30.0
1562,Frank,2023-01-01,320.75,Credit Card,60.0
1563, charlie,2023.05.12,99999.99,cash,30.0
1564,Frank,08/25/2023,120.25,Cash,50.0
1565,Grace,2023/02/15,500.3, Credit,38.0
1566,nan,04-10-2023,75.5, Credit,29.0
1567,nan,2023-07-20,100.0,Credit,30.0
1568, charlie,"March 5, 2023",75.5,crypto,30.0
1569,Grace,2023.05.12,99999.99,PayPal,
1570, charlie,08/25/2023,120.25,Credit Card,25.0
1571,Bob,2023-10-10,500.3,cash,29.0
1572,nan,"March 5, 2023",120.25,PayPal,29.0
1573,David,04-10-2023,85.0,cash,45.0
1574,Henry,09-30-23,500.3,paypal,50.0
1575,Ivy,2023-07-20,85.0,Cash,45.0
1576,Grace,2023-01-01,250.5,Cash,50.0
1577,Alice ,04-10-2023,99999.99,PayPal,30.0
1578, charlie,04-10-2023,60.0,PayPal,50.0
1579,Ivy,09-30-23,250.5,PayPal,-5.0
1580,Alice ,06-15-23,-50.0,cash,45.0
1581,Ivy,09-30-23,120.25,paypal,30.0
1582,Henry,06-15-23,60.0,debit ,200.0
1583,Alice ,06-15-23,85.0,PayPal,40.0
1584,Frank,2023.05.12,320.75,crypto,40.0
1585,Eve,2023.05.12,250.5,Credit Card,29.0
1586,Frank,2023/02/15,-50.0,Credit Card,-5.0
1587,nan,08/25/2023,,cash,
1588,Eve,08/25/2023,60.0,PayPal,25.0
1589,Frank,2023-01-01,75.5,Credit,45.0
1590,Eve,08/25/2023,500.3, Credit,200.0
1591,Eve,2023.05.12,-50.0,debit ,30.0
1592,David,2023/02/15,99999.99,crypto,-5.0
1593, charlie,2023/02/15,60.0,paypal,29.0
1594, charlie,06-15-23,250.5,Credit,60.0
1595,David,09-30-23,99999.99,Cash,45.0
1596,Ivy,2023-01-01,75.5,Credit,-5.0
1597,Bob,06-15-23,320.75,cash,45.0
1598,Ivy,09-30-23,120.25,debit ,60.0
1599,Alice ,08/25/2023,120.25,Venmo,25.0
1600,Alice ,06-15-23,99999.99,Venmo,25.0
1601,Eve,"March 5, 2023",85.0,PayPal,
1602,Frank,08/25/2023,320.75,PayPal,40.0
1603,Frank,09-30-23,120.25,cash,50.0
1604, charlie,2023-01-01,320.75,paypal,34.0
1605,Grace,09-30-23,-50.0,PayPal,34.0
1606,Ivy,06-15-23,320.75, Credit,45.0
1607,nan,06-15-23,100.0,debit ,60.0
1608,Henry,04-10-2023,75.5,cash,
1609,Frank,2023-01-01,120.25,Credit Card,34.0
1610,Henry,2023-10-10,320.75,Cash,50.0
1611,Eve,08/25/2023,99999.99,cash,29.0
1612,Henry,2023/02/15,,cash,34.0
1613,nan,2023-01-01,100.0,Venmo,38.0
1614,David,2023/02/15,100.0,crypto,30.0
1615,nan,2023-01-01,85.0,paypal,
1616,Henry,2023-01-01,320.75,crypto,29.0
1617,nan,09-30-23,85.0, Credit,-5.0
1618,Bob,2023-01-01,85.0,Credit Card,29.0
1619,Eve,04-10-2023,,Venmo,40.0
1620,Ivy,2023-10-10,-50.0,Credit Card,-5.0
1621,David,06-15-23,320.75, Credit,200.0
1622,Frank,2023-07-20,250.5,crypto,30.0
1623,Alice ,2023/02/15,120.25,cash,30.0
1624,Ivy,06-15-23,85.0,PayPal,30.0
1625,Alice ,2023-07-20,75.5,PayPal,60.0
1626,Eve,2023-10-10,500.3,Credit,30.0
1627,David,2023-10-10,75.5,Cash,45.0
1628, charlie,2023/02/15,,paypal,30.0
1629,Frank,2023/02/15,, Credit,50.0
1630,Bob,2023-10-10,99999.99,Cash,30.0
1631, charlie,2023-07-20,-50.0,paypal,30.0
1632,Eve,2023-01-01,120.25,Cash,60.0
1633,Ivy,08/25/2023,60.0,crypto,
1634,Bob,"March 5, 2023",85.0,paypal,45.0
1635,nan,06-15-23,75.5,crypto,60.0
1636,Henry,09-30-23,500.3,cash,25.0
1637,Bob,06-15-23,,Venmo,29.0
1638,Eve,09-30-23,,crypto,29.0
1639,Grace,2023-07-20,-50.0,PayPal,-5.0
1640,Henry,09-30-23,500.3,Cash,
1641,Alice ,2023/02/15,500.3,Credit,38.0
1642,Frank,08/25/2023,-50.0,debit ,29.0
1643,Alice ,08/25/2023,,paypal,34.0
1644,Bob,2023/02/15,120.25, Credit,38.0
1645,Alice ,04-10-2023,320.75,Credit,30.0
1646,Eve,2023-07-20,320.75,PayPal,30.0
1647,nan,04-10-2023,-50.0,crypto,45.0
1648,Ivy,04-10-2023,500.3,Venmo,38.0
1649,Frank,06-15-23,85.0,cash,34.0
1650,Alice ,2023-10-10,-50.0,debit ,45.0
1651,Alice ,06-15-23,120.25,Credit Card,50.0
1652,Bob,2023-10-10,-50.0,Credit,60.0
1653,Ivy,"March 5, 2023",100.0,Venmo,-5.0
1654, charlie,09-30-23,75.5,Credit Card,38.0
1655,Alice ,2023-10-10,500.3,debit ,
1656,Eve,2023/02/15,99999.99, Credit,30.0
1657,Grace,06-15-23,99999.99, Credit,30.0
1658,Frank,2023-07-20,500.3,Cash,40.0
1659,Alice ,09-30-23,60.0,debit ,60.0
1660,Eve,"March 5, 2023",120.25,debit ,60.0
1661,Eve,2023-10-10,100.0,Credit Card,45.0
1662,Frank,"March 5, 2023",100.0,Venmo,25.0
1663, charlie,2023-07-20,,paypal,25.0
1664,Eve,04-10-2023,75.5,Credit Card,45.0
1665,Grace,08/25/2023,320.75,cash,
1666,Eve,2023-07-20,250.5, Credit,200.0
1667,Eve,2023.05.12,120.25, Credit,45.0
1668,Eve,2023-07-20,250.5,Cash,
1669,nan,"March 5, 2023",250.5,cash,-5.0
1670,nan,2023/02/15,500.3, Credit,30.0
1671, charlie,06-15-23,99999.99,Credit Card,34.0
1672,Alice ,2023/02/15,99999.99,cash,200.0
1673,Eve,"March 5, 2023",320.75,Credit Card,38.0
1674,Ivy,06-15-23,500.3,paypal,200.0
1675,Alice ,2023.05.12,250.5,paypal,34.0
1676, charlie,08/25/2023,60.0, Credit,40.0
1677,David,09-30-23,85.0, Credit,60.0
1678,Alice ,"March 5, 2023",99999.99,Venmo,30.0
1679,Alice ,2023-10-10,120.25,paypal,25.0
1680,Henry,"March 5, 2023",120.25,Credit,
1681,Bob,"March 5, 2023",,Credit,45.0
1682,Henry,06-15-23,-50.0,Cash,45.0
1683,Grace,2023-01-01,85.0,paypal,25.0
1684,nan,2023-07-20,99999.99,Credit Card,200.0
1685,nan,2023-01-01,100.0,Credit Card,30.0
1686,Bob,2023.05.12,99999.99,PayPal,29.0
1687,Frank,2023-10-10,,cash,
1688,Frank,08/25/2023,120.25,crypto,50.0
1689, charlie,04-10-2023,250.5,Credit,-5.0
1690,Bob,2023.05.12,100.0, Credit,34.0
1691,Alice ,04-10-2023,500.3,Cash,200.0
1692,Frank,04-10-2023,75.5,crypto,60.0
1693,Eve,08/25/2023,250.5,debit ,60.0
1694,Ivy,2023/02/15,75.5,Cash,38.0
1695,Alice ,2023-01-01,85.0,debit ,40.0
1696,Grace,"March 5, 2023",60.0,paypal,60.0
1697,Eve,09-30-23,-50.0,debit ,45.0
1698,Eve,04-10-2023,60.0,debit ,200.0
1699,Bob,2023-10-10,100.0,Venmo,40.0
1700, charlie,2023.05.12,320.75,Venmo,34.0
1701,Grace,2023/02/15,100.0,Venmo,45.0
1702,Frank,04-10-2023,60.0,paypal,45.0
1703,Bob,2023/02/15,99999.99,crypto,29.0
1704,Frank,2023/02/15,120.25,Cash,50.0
1705,Bob,04-10-2023,99999.99,Cash,200.0
1706,Bob,06-15-23,99999.99, Credit,30.0
1707,Bob,2023-07-20,85.0,Venmo,25.0
1708, charlie,2023-10-10,250.5,paypal,25.0
1709,Bob,"March 5, 2023",320.75, Credit,-5.0
1710,David,"March 5, 2023",320.75,cash,38.0
1711,Ivy,2023-10-10,99999.99, Credit,40.0
1712,Frank,06-15-23,75.5,crypto,200.0
1713,Alice ,"March 5, 2023",85.0,Credit,60.0
1714,Henry,2023/02/15,99999.99,debit ,
1715,Grace,08/25/2023,-50.0,Venmo,38.0
1716,nan,2023.05.12,120.25,Credit,29.0
1717, charlie,2023-01-01,250.5, Credit,60.0
1718,Alice ,"March 5, 2023",500.3,paypal,45.0
1719,Eve,2023-10-10,-50.0,debit ,30.0
1720,David,08/25/2023,75.5,Cash,200.0
1721,nan,04-10-2023,100.0,Credit Card,50.0
1722,Henry,2023-07-20,100.0,debit ,38.0
1723,Alice ,2023-10-10,60.0,crypto,38.0
1724,nan,2023/02/15,-50.0,crypto,30.0
1725,Alice ,2023-07-20,60.0, Credit,60.0
1726,David,2023.05.12,99999.99,cash,-5.0
1727,Henry,2023.05.12,500.3,crypto,40.0
1728,Eve,06-15-23,,crypto,60.0
1729,Bob,09-30-23,,paypal,40.0
1730,Frank,06-15-23,75.5, Credit,38.0
1731,Eve,08/25/2023,99999.99,debit ,34.0
1732,Bob,2023-07-20,320.75,cash,38.0
1733, charlie,09-30-23,60.0,Credit,38.0
1734,Ivy,04-10-2023,320.75,Credit Card,30.0
1735,Grace,2023/02/15,250.5,Venmo,45.0
1736,Grace,2023-07-20,500.3,Cash,30.0
1737,Frank,06-15-23,500.3,crypto,200.0
1738,Henry,2023-01-01,100.0, Credit,38.0
1739,David,09-30-23,85.0,Venmo,40.0
1740,Henry,09-30-23,60.0,Cash,
1741,David,2023/02/15,75.5,Cash,40.0
1742,Henry,"March 5, 2023",,Credit,50.0
1743,Ivy,2023.05.12,75.5,Credit,60.0
1744, charlie,2023.05.12,320.75,Credit,25.0
1745, charlie,2023-01-01,320.75,PayPal,50.0
1746,Bob,08/25/2023,-50.0,PayPal,-5.0
1747,nan,08/25/2023,250.5,Cash,29.0
1748, charlie,04-10-2023,500.3,Credit,200.0
1749, charlie,2023-07-20,120.25,paypal,200.0
1750,Eve,2023-10-10,60.0,crypto,-5.0
1751,Eve,"March 5, 2023",75.5,Venmo,
1752,Bob,06-15-23,60.0,Venmo,29.0
1753,nan,2023-10-10,320.75,PayPal,45.0
1754,Frank,2023-10-10,85.0,Cash,38.0
1755,Eve,09-30-23,100.0, Credit,29.0
1756,Frank,2023-01-01,,debit ,
1757,Alice ,2023.05.12,250.5,debit ,34.0
1758,Eve,04-10-2023,85.0,PayPal,25.0
1759,Ivy,08/25/2023,250.5, Credit,29.0
1760,nan,2023-01-01,-50.0,PayPal,29.0
1761,Bob,09-30-23,120.25,debit ,25.0
1762,Alice ,06-15-23,320.75, Credit,38.0
1763,nan,04-10-2023,100.0,Credit,29.0
1764,Ivy,09-30-23,85.0,Cash,25.0
1765,nan,2023.05.12,250.5,Venmo,25.0
1766,Ivy,2023.05.12,500.3,paypal,25.0
1767,Ivy,2023.05.12,-50.0,cash,30.0
1768,Frank,2023-01-01,500.3,Cash,
1769,Henry,2023-01-01,100.0,Credit,30.0
1770,Alice ,08/25/2023,85.0,debit ,34.0
1771,nan,08/25/2023,60.0,Credit,50.0
1772,David,06-15-23,-50.0,PayPal,45.0
1773,Alice ,04-10-2023,85.0, Credit,30.0
1774,Henry,2023/02/15,320.75,Venmo,30.0
1775,Alice ,2023/02/15,99999.99,crypto,50.0
1776, charlie,09-30-23,-50.0,PayPal,
1777,David,2023.05.12,500.3,Cash,50.0
1778,Henry,04-10-2023,100.0,PayPal,45.0
1779,Frank,2023-10-10,120.25,Cash,-5.0
1780,nan,2023-01-01,320.75,crypto,25.0
1781,Grace,2023-07-20,99999.99,Credit Card,60.0
1782,Henry,"March 5, 2023",120.25,Venmo,200.0
1783,Bob,06-15-23,,paypal,45.0
1784,nan,2023.05.12,320.75,paypal,34.0
1785,Henry,2023.05.12,100.0,cash,38.0
1786, charlie,2023.05.12,250.5,Credit,34.0
1787,Grace,2023-01-01,-50.0,Credit Card,25.0
1788, charlie,2023-01-01,85.0,paypal,45.0
1789,Grace,"March 5, 2023",100.0,PayPal,34.0
1790,Bob,2023-10-10,-50.0,Credit,34.0
1791,nan,04-10-2023,120.25,Credit Card,50.0
1792,Frank,2023.05.12,60.0, Credit,-5.0
1793, charlie,2023/02/15,85.0, Credit,-5.0
1794, charlie,08/25/2023,75.5,Credit,45.0
1795,Ivy,2023/02/15,500.3,Cash,25.0
1796,Grace,09-30-23,,Cash,30.0
1797,Eve,2023/02/15,320.75,PayPal,40.0
1798,nan,09-30-23,60.0,Credit Card,29.0
1799,Grace,2023-07-20,60.0,Credit Card,200.0
1800,Ivy,08/25/2023,100.0,Credit,29.0
1801,Alice ,2023/02/15,,debit ,
1802,Grace,2023-07-20,250.5, Credit,60.0
1803,Frank,06-15-23,-50.0,Credit Card,-5.0
1804,nan,04-10-2023,-50.0,Credit,45.0
1805,Ivy,2023-07-20,100.0,crypto,29.0
1806,Alice ,04-10-2023,99999.99,cash,25.0
1807,David,2023/02/15,99999.99,crypto,200.0
1808,Ivy,2023-10-10,75.5,Venmo,29.0
1809,David,2023-07-20,500.3,PayPal,200.0
1810,nan,08/25/2023,85.0,Credit Card,38.0
1811, charlie,2023/02/15,250.5,Venmo,25.0
1812,Ivy,2023.05.12,,paypal,60.0
1813,Bob,2023-01-01,99999.99,Venmo,40.0
1814,David,2023-07-20,75.5,Credit,50.0
1815,Frank,08/25/2023,75.5,Credit Card,34.0
1816,Bob,06-15-23,100.0,cash,200.0
1817,Henry,2023.05.12,250.5,Credit,60.0
1818,Henry,06-15-23,120.25,Credit,25.0
1819,Alice ,2023/02/15,85.0,PayPal,200.0
1820, charlie,2023-01-01,500.3,PayPal,200.0
1821,nan,2023-07-20,320.75, Credit,30.0
1822,Ivy,2023-07-20,100.0, Credit,30.0
1823,Eve,2023-10-10,85.0,Cash,50.0
1824,Frank,2023-10-10,320.75,debit ,60.0
1825,David,2023/02/15,320.75,Credit Card,25.0
1826,nan,2023/02/15,250.5,Credit Card,50.0
1827,Bob,2023-01-01,250.5,Venmo,30.0
1828,Henry,2023-10-10,,Credit Card,
1829,Frank,08/25/2023,75.5,Credit Card,40.0
1830,Eve,08/25/2023,85.0,debit ,50.0
1831,Ivy,2023-01-01,100.0,paypal,45.0
1832,Alice ,08/25/2023,-50.0, Credit,50.0
1833,Eve,09-30-23,100.0, Credit,25.0
1834,Frank,04-10-2023,,cash,25.0
1835,Eve,2023-01-01,500.3,Credit Card,
1836,Frank,2023-01-01,60.0,debit ,-5.0
1837,Frank,"March 5, 2023",60.0, Credit,-5.0
1838,Grace,2023.05.12,75.5,debit ,30.0
1839,David,2023.05.12,60.0,crypto,45.0
1840,Henry,09-30-23,60.0,paypal,30.0
1841,Grace,2023-10-10,-50.0,Credit Card,38.0
1842,Ivy,2023/02/15,99999.99,cash,38.0
1843,Grace,2023/02/15,500.3,Venmo,34.0
1844, charlie,06-15-23,250.5, Credit,38.0
1845, charlie,09-30-23,320.75,crypto,-5.0
1846,Henry,2023-01-01,99999.99,debit ,40.0
1847,Eve,09-30-23,100.0,PayPal,38.0
1848,David,09-30-23,100.0,Credit,30.0
1849,Henry,09-30-23,60.0,Credit Card,200.0
1850,Frank,2023.05.12,250.5,Credit Card,25.0
1851,Bob,09-30-23,,crypto,40.0
1852,David,04-10-2023,85.0,debit ,40.0
1853,David,2023/02/15,99999.99,Cash,50.0
1854,Frank,06-15-23,99999.99,Credit Card,30.0
1855,Frank,04-10-2023,120.25,Cash,25.0
1856,Alice ,06-15-23,500.3,PayPal,-5.0
1857,Henry,"March 5, 2023",75.5,crypto,40.0
1858,Frank,06-15-23,500.3,debit ,34.0
1859, charlie,2023/02/15,85.0,debit ,30.0
1860,Ivy,2023/02/15,100.0,paypal,40.0
1861,Bob,09-30-23,100.0,Credit,45.0
1862,Henry,2023-07-20,100.0, Credit,60.0
1863,nan,"March 5, 2023",120.25, Credit,50.0
1864, charlie,2023-01-01,100.0,Venmo,25.0
1865,Eve,08/25/2023,85.0,cash,38.0
1866,Frank,06-15-23,250.5,crypto,40.0
1867,nan,2023-07-20,75.5,PayPal,30.0
1868,Frank,09-30-23,85.0,debit ,38.0
1869,David,2023.05.12,60.0,Credit,60.0
1870, charlie,2023-01-01,75.5,Cash,34.0
1871,David,2023-10-10,85.0,crypto,38.0
1872,Alice ,2023-07-20,100.0,Venmo,45.0
1873,David,2023.05.12,250.5,crypto,-5.0
1874,Alice ,"March 5, 2023",99999.99,Venmo,40.0
1875,Alice ,09-30-23,500.3,debit ,29.0
1876,nan,2023-01-01,320.75,cash,29.0
1877,Frank,2023-01-01,250.5,Venmo,38.0
1878,Eve,2023-01-01,99999.99,debit ,
1879,David,"March 5, 2023",,debit ,25.0
1880, charlie,06-15-23,85.0,cash,50.0
1881,Alice ,2023-10-10,, Credit,29.0
1882,Frank,"March 5, 2023",99999.99,crypto,
1883,Bob,08/25/2023,250.5,Credit Card,29.0
1884,Henry,2023-10-10,85.0,Credit Card,
1885,nan,2023/02/15,60.0,Cash,25.0
1886,Eve,09-30-23,320.75,Cash,200.0
1887,Grace,"March 5, 2023",100.0,Credit Card,29.0
1888,nan,2023.05.12,85.0,PayPal,45.0
1889,Bob,2023-10-10,60.0,Credit Card,60.0
1890,Henry,08/25/2023,85.0,Cash,40.0
1891,Bob,2023/02/15,250.5,Credit,
1892,David,06-15-23,60.0,Cash,60.0
1893,Alice ,2023.05.12,250.5,PayPal,40.0
1894,Eve,2023-10-10,99999.99,crypto,30.0
1895,Ivy,09-30-23,-50.0,Credit Card,30.0
1896,Alice ,2023.05.12,85.0,cash,50.0
1897,Ivy,2023/02/15,500.3,Credit,60.0
1898,Henry,2023.05.12,85.0,debit ,25.0
1899,Frank,04-10-2023,99999.99,PayPal,
1900,Grace,2023-07-20,75.5,Cash,34.0
1901, charlie,06-15-23,,cash,30.0
1902,Alice ,2023/02/15,100.0,Venmo,25.0
1903,Eve,2023.05.12,60.0, Credit,60.0
1904,Bob,2023-07-20,-50.0,Credit Card,30.0
1905,Eve,2023-07-20,320.75, Credit,30.0
1906,Henry,2023.05.12,320.75,PayPal,34.0
1907,Ivy,09-30-23,320.75,Venmo,29.0
1908,Bob,04-10-2023,250.5,Venmo,38.0
1909, charlie,"March 5, 2023",320.75,Venmo,60.0
1910, charlie,04-10-2023,100.0,debit ,50.0
1911,Alice ,2023.05.12,,PayPal,200.0
1912,Henry,06-15-23,320.75,crypto,30.0
1913,Frank,"March 5, 2023",85.0, Credit,60.0
1914,Henry,2023/02/15,85.0,crypto,30.0
1915,Ivy,04-10-2023,250.5,cash,45.0
1916,Eve,2023.05.12,100.0,paypal,200.0
1917, charlie,04-10-2023,,Credit,34.0
1918,Eve,"March 5, 2023",-50.0,Credit,40.0
1919,Eve,08/25/2023,99999.99,crypto,
1920,Eve,2023-10-10,,paypal,30.0
1921, charlie,04-10-2023,99999.99,paypal,38.0
1922,nan,2023/02/15,75.5,Credit Card,
1923,David,2023/02/15,99999.99,cash,200.0
1924,Ivy,2023-01-01,500.3,PayPal,
1925,nan,04-10-2023,85.0,paypal,29.0
1926,Ivy,2023-10-10,100.0,Cash,30.0
1927,Bob,09-30-23,120.25,Credit,
1928,Henry,2023-07-20,250.5,Cash,40.0
1929,Henry,2023-10-10,500.3,cash,40.0
1930,Grace,2023-07-20,99999.99,paypal,30.0
1931,Henry,2023-07-20,320.75, Credit,-5.0
1932, charlie,08/25/2023,100.0,Credit,40.0
1933,Frank,2023-01-01,500.3,Credit Card,
1934,Alice ,2023-10-10,250.5,Credit Card,50.0
1935,Grace,2023-10-10,85.0,Venmo,25.0
1936,Alice ,08/25/2023,100.0,debit ,40.0
1937,Ivy,04-10-2023,250.5,paypal,60.0
1938,Alice ,04-10-2023,75.5,cash,200.0
1939,Alice ,04-10-2023,75.5,Credit,-5.0
1940,Grace,06-15-23,250.5,debit ,60.0
1941,Bob,2023-07-20,500.3,cash,
1942,Eve,06-15-23,100.0,crypto,34.0
1943,Henry,2023-01-01,500.3,paypal,45.0
1944,Henry,08/25/2023,-50.0,PayPal,34.0
1945, charlie,2023-10-10,99999.99,PayPal,29.0
1946,Grace,2023-07-20,-50.0,paypal,60.0
1947, charlie,06-15-23,60.0,Venmo,45.0
1948,Frank,06-15-23,75.5,Venmo,29.0
1949,Frank,2023.05.12,85.0,PayPal,45.0
1950, charlie,06-15-23,, Credit,45.0
1951,Grace,09-30-23,99999.99,Credit,25.0
1952, charlie,2023-10-10,75.5,PayPal,38.0
1953,Henry,09-30-23,500.3, Credit,200.0
1954,nan,2023-10-10,500.3,debit ,34.0
1955,David,08/25/2023,500.3, Credit,40.0
1956,Alice ,2023-10-10,85.0,debit ,
1957,David,09-30-23,-50.0,cash,-5.0
1958,Grace,2023-10-10,,Cash,200.0
1959,David,08/25/2023,500.3,cash,29.0
1960,Frank,08/25/2023,120.25,PayPal,25.0
1961,Ivy,2023-01-01,60.0,debit ,29.0
1962,Alice ,2023-10-10,99999.99,PayPal,38.0
1963,Eve,2023.05.12,100.0,paypal,-5.0
1964,Grace,04-10-2023,120.25,Credit,25.0
1965,Alice ,2023/02/15,,Credit Card,29.0
1966,David,08/25/2023,85.0,PayPal,38.0
1967,Frank,"March 5, 2023",,Credit,
1968,Bob,04-10-2023,100.0, Credit,
1969,nan,2023-07-20,99999.99,cash,29.0
1970,Eve,2023-10-10,100.0, Credit,200.0
1971,nan,09-30-23,250.5,Credit Card,-5.0
1972,Alice ,2023/02/15,99999.99,debit ,30.0
1973,Frank,"March 5, 2023",,paypal,200.0
1974,Frank,04-10-2023,500.3,Credit,
1975,David,2023-10-10,,paypal,-5.0
1976,Henry,2023-01-01,,Cash,38.0
1977,David,2023-07-20,99999.99,PayPal,25.0
1978,Henry,2023/02/15,60.0,debit ,50.0
1979,Henry,2023.05.12,250.5,Cash,60.0
1980,Eve,2023-01-01,,crypto,45.0
1981,David,"March 5, 2023",120.25,PayPal,29.0
1982,Bob,2023/02/15,75.5, Credit,50.0
1983, charlie,2023-01-01,320.75,cash,34.0
1984, charlie,2023-07-20,320.75,Credit,-5.0
1985,David,2023.05.12,,Credit Card,60.0
1986,David,2023-01-01,120.25,Credit Card,40.0
1987,nan,06-15-23,60.0, Credit,38.0
1988,Eve,2023.05.12,500.3,Venmo,30.0
1989,David,"March 5, 2023",85.0,Credit Card,45.0
1990,nan,2023-07-20,85.0,Credit,40.0
1991,Henry,2023-10-10,99999.99, Credit,30.0
1992,Frank,09-30-23,320.75,debit ,34.0
1993,Frank,09-30-23,,Credit Card,
1994,Henry,09-30-23,85.0,paypal,200.0
1995,Grace,2023/02/15,, Credit,29.0
1996,nan,"March 5, 2023",99999.99,Credit,25.0
1997,nan,2023-07-20,320.75,paypal,30.0
1998,Henry,2023.05.12,100.0,PayPal,45.0
1999,Bob,2023/02/15,60.0,PayPal,50.0
2000,Ivy,"March 5, 2023",75.5,Credit Card,-5.0
